mode,measure_kernel,target_l1,target_l2,target_l3,target_dram,actual_l1,actual_l2,actual_l3,actual_dram,cycles,ops_per_cycle,gbps,lines_l1,lines_l2,lines_l3,lines_dram,share_l1,share_l2,share_l3,share_dram,evict_passes_l1,evict_passes_l2,evict_passes_l3
read,stream,0.0,0.0,0.0,1.0,0.0,0.3973375336028301,0.5917837540523374,0.010878712344832458,1103617.5,0.090611104,14.457167272500001,64,64,64,786432,0,0,0,100,1,1,1
write,stream,0.0,0.0,0.0,1.0,0.0,0.3973375336028301,0.5917837540523374,0.010878712344832458,1469696.5,0.0680412605,10.862048267,64,64,64,786432,0,0,0,100,1,1,1
